{
    "env_name": "Pendulum-v1",
    "best_value": -369.0493065045296,
    "best_params": {
        "actor_lr": 0.00016732292370154916,
        "critic_lr": 0.0009953591055501898,
        "hidden_dim": 256,
        "gamma": 0.9926973161132563,
        "epochs": 7,
        "eps": 0.20771168925712913
    }
}