{
    "best_value": 500.0,
    "best_params": {
        "actor_lr": 0.0006675568795816485,
        "critic_lr": 0.0006539403121809076,
        "hidden_dim": 128,
        "gamma": 0.9926685318804044,
        "lmbda": 0.9082225386881102,
        "epochs": 6,
        "eps": 0.25786279081715063
    }
}